{
    "name": "Wordpress & Pinterest Automation Post",
    "flow": [
        {
            "id": 4,
            "module": "wordpress:watchPosts",
            "version": 3,
            "parameters": {
                "type": "posts",
                "limit": 3,
                "status": [
                    "publish"
                ],
                "__IMTCONN__": 53065
            },
            "mapper": {},
            "metadata": {
                "designer": {
                    "x": 0,
                    "y": 0,
                    "name": "electronics-craze.com Blog"
                },
                "restore": {
                    "parameters": {
                        "type": {
                            "label": "Posts"
                        },
                        "status": {
                            "label": [
                                "Publish"
                            ]
                        },
                        "__IMTCONN__": {
                            "data": {
                                "scoped": "true",
                                "connection": "wordpress4"
                            },
                            "label": "My WordPress connection (Electronics-Craze)"
                        }
                    }
                },
                "parameters": [
                    {
                        "name": "__IMTCONN__",
                        "type": "account:wordpress4",
                        "label": "Connection",
                        "required": true
                    },
                    {
                        "name": "type",
                        "type": "select",
                        "label": "Type",
                        "required": true
                    },
                    {
                        "name": "status",
                        "type": "select",
                        "label": "Status",
                        "multiple": true
                    },
                    {
                        "name": "limit",
                        "type": "uinteger",
                        "label": "Limit"
                    }
                ]
            }
        },
        {
            "id": 5,
            "module": "http:ActionSendData",
            "version": 3,
            "parameters": {
                "handleErrors": false,
                "useNewZLibDeCompress": true
            },
            "mapper": {
                "ca": "",
                "qs": [],
                "url": "{{4.`_links`.`wp:featuredmedia`[].href}}",
                "gzip": true,
                "method": "get",
                "headers": [],
                "timeout": "",
                "useMtls": false,
                "authPass": "",
                "authUser": "",
                "bodyType": "",
                "serializeUrl": false,
                "shareCookies": false,
                "parseResponse": false,
                "followRedirect": true,
                "useQuerystring": false,
                "followAllRedirects": false,
                "rejectUnauthorized": true
            },
            "metadata": {
                "designer": {
                    "x": 300,
                    "y": 0
                },
                "restore": {
                    "expect": {
                        "qs": {
                            "mode": "chose"
                        },
                        "method": {
                            "mode": "chose",
                            "label": "GET"
                        },
                        "headers": {
                            "mode": "chose"
                        },
                        "bodyType": {
                            "label": "Empty"
                        }
                    }
                },
                "parameters": [
                    {
                        "name": "handleErrors",
                        "type": "boolean",
                        "label": "Evaluate all states as errors (except for 2xx and 3xx )",
                        "required": true
                    },
                    {
                        "name": "useNewZLibDeCompress",
                        "type": "hidden"
                    }
                ],
                "expect": [
                    {
                        "name": "url",
                        "type": "url",
                        "label": "URL",
                        "required": true
                    },
                    {
                        "name": "serializeUrl",
                        "type": "boolean",
                        "label": "Serialize URL",
                        "required": true
                    },
                    {
                        "name": "method",
                        "type": "select",
                        "label": "Method",
                        "required": true,
                        "validate": {
                            "enum": [
                                "get",
                                "head",
                                "post",
                                "put",
                                "patch",
                                "delete",
                                "options"
                            ]
                        }
                    },
                    {
                        "name": "headers",
                        "spec": [
                            {
                                "name": "name",
                                "type": "text",
                                "label": "Name",
                                "required": true
                            },
                            {
                                "name": "value",
                                "type": "text",
                                "label": "Value"
                            }
                        ],
                        "type": "array",
                        "label": "Headers"
                    },
                    {
                        "name": "qs",
                        "spec": [
                            {
                                "name": "name",
                                "type": "text",
                                "label": "Name",
                                "required": true
                            },
                            {
                                "name": "value",
                                "type": "text",
                                "label": "Value"
                            }
                        ],
                        "type": "array",
                        "label": "Query String"
                    },
                    {
                        "name": "bodyType",
                        "type": "select",
                        "label": "Body type",
                        "validate": {
                            "enum": [
                                "raw",
                                "x_www_form_urlencoded",
                                "multipart_form_data"
                            ]
                        }
                    },
                    {
                        "name": "parseResponse",
                        "type": "boolean",
                        "label": "Parse response",
                        "required": true
                    },
                    {
                        "name": "authUser",
                        "type": "text",
                        "label": "User name"
                    },
                    {
                        "name": "authPass",
                        "type": "password",
                        "label": "Password"
                    },
                    {
                        "name": "timeout",
                        "type": "uinteger",
                        "label": "Timeout",
                        "validate": {
                            "max": 300,
                            "min": 1
                        }
                    },
                    {
                        "name": "shareCookies",
                        "type": "boolean",
                        "label": "Share cookies with other HTTP modules",
                        "required": true
                    },
                    {
                        "name": "ca",
                        "type": "cert",
                        "label": "Self-signed certificate"
                    },
                    {
                        "name": "rejectUnauthorized",
                        "type": "boolean",
                        "label": "Reject connections that are using unverified (self-signed) certificates",
                        "required": true
                    },
                    {
                        "name": "followRedirect",
                        "type": "boolean",
                        "label": "Follow redirect",
                        "required": true
                    },
                    {
                        "name": "useQuerystring",
                        "type": "boolean",
                        "label": "Disable serialization of multiple same query string keys as arrays",
                        "required": true
                    },
                    {
                        "name": "gzip",
                        "type": "boolean",
                        "label": "Request compressed content",
                        "required": true
                    },
                    {
                        "name": "useMtls",
                        "type": "boolean",
                        "label": "Use Mutual TLS",
                        "required": true
                    },
                    {
                        "name": "followAllRedirects",
                        "type": "boolean",
                        "label": "Follow all redirect",
                        "required": true
                    }
                ]
            }
        },
        {
            "id": 6,
            "module": "json:ParseJSON",
            "version": 1,
            "parameters": {
                "type": ""
            },
            "mapper": {
                "json": "{{5.data}}"
            },
            "metadata": {
                "designer": {
                    "x": 600,
                    "y": 0
                },
                "restore": {
                    "parameters": {
                        "type": {
                            "label": "Choose a data structure"
                        }
                    }
                },
                "parameters": [
                    {
                        "name": "type",
                        "type": "udt",
                        "label": "Data structure"
                    }
                ],
                "expect": [
                    {
                        "name": "json",
                        "type": "text",
                        "label": "JSON string",
                        "required": true
                    }
                ]
            }
        },
        {
            "id": 7,
            "module": "pinterest:createPin",
            "version": 2,
            "parameters": {
                "__IMTCONN__": 53066
            },
            "mapper": {
                "link": "{{4.link}}",
                "title": "{{4.title}}",
                "board_id": "1000362204669666008",
                "description": "{{4.excerpt}}",
                "media_source": {
                    "url": "{{6.guid.rendered}}",
                    "source_type": "image_url"
                }
            },
            "metadata": {
                "designer": {
                    "x": 900,
                    "y": 0,
                    "name": "Electronics-Craze Pinterest"
                },
                "restore": {
                    "expect": {
                        "board_id": {
                            "mode": "chose",
                            "label": "Electronics Lovers"
                        },
                        "media_source": {
                            "nested": {
                                "is_standard": {
                                    "mode": "chose"
                                },
                                "source_type": {
                                    "mode": "chose",
                                    "label": "Image URL"
                                }
                            }
                        },
                        "ad_account_id": {
                            "mode": "chose",
                            "label": "Empty"
                        },
                        "parent_pin_id": {
                            "mode": "chose",
                            "label": "Empty"
                        },
                        "board_section_id": {
                            "mode": "chose",
                            "label": "Empty"
                        }
                    },
                    "parameters": {
                        "__IMTCONN__": {
                            "data": {
                                "scoped": "true",
                                "connection": "pinterest2"
                            },
                            "label": "My pinterest connection"
                        }
                    }
                },
                "parameters": [
                    {
                        "name": "__IMTCONN__",
                        "type": "account:pinterest2",
                        "label": "Connection",
                        "required": true
                    }
                ],
                "expect": [
                    {
                        "name": "media_source",
                        "spec": [
                            {
                                "name": "source_type",
                                "type": "select",
                                "label": "Source Type",
                                "required": true,
                                "validate": {
                                    "enum": [
                                        "video_id",
                                        "image_url",
                                        "multiple_image_urls",
                                        "image_base64",
                                        "multiple_image_base64"
                                    ]
                                }
                            },
                            {
                                "name": "url",
                                "type": "url",
                                "label": "Image URL",
                                "required": true
                            },
                            {
                                "name": "is_standard",
                                "type": "boolean",
                                "label": "Is Standard"
                            }
                        ],
                        "type": "collection",
                        "label": "Media Source",
                        "required": true
                    },
                    {
                        "name": "board_id",
                        "type": "select",
                        "label": "Board",
                        "required": true
                    },
                    {
                        "name": "title",
                        "type": "text",
                        "label": "Title"
                    },
                    {
                        "name": "description",
                        "type": "text",
                        "label": "Description",
                        "validate": {
                            "max": 800
                        }
                    },
                    {
                        "name": "alt_text",
                        "type": "text",
                        "label": "Alternative Text"
                    },
                    {
                        "name": "dominant_color",
                        "type": "color",
                        "label": "Dominant Color"
                    },
                    {
                        "name": "link",
                        "type": "url",
                        "label": "Link"
                    },
                    {
                        "name": "parent_pin_id",
                        "type": "select",
                        "label": "Parent Pin"
                    },
                    {
                        "name": "note",
                        "type": "text",
                        "label": "Note"
                    },
                    {
                        "name": "ad_account_id",
                        "type": "select",
                        "label": "Ad Account"
                    },
                    {
                        "name": "board_section_id",
                        "type": "select",
                        "label": "Board Section"
                    }
                ]
            }
        }
    ],
    "metadata": {
        "instant": false,
        "version": 1,
        "scenario": {
            "roundtrips": 1,
            "maxErrors": 3,
            "autoCommit": true,
            "autoCommitTriggerLast": true,
            "sequential": false,
            "slots": null,
            "confidential": false,
            "dataloss": false,
            "dlq": false,
            "freshVariables": false
        },
        "designer": {
            "orphans": []
        },
        "zone": "boostspace.integromat.celonis.com"
    }
}